Comic,Link
1,https://i.imgur.com/pLpzQjB.png
2,https://i.imgur.com/hf7zZOL.png
3,https://i.imgur.com/bUZJfNE.png
4,https://i.imgur.com/l944aZ8.png
5,https://i.imgur.com/t5jMgun.png
6,https://i.imgur.com/T7fueUr.png
7,https://i.imgur.com/8soHO9A.png
8,https://i.imgur.com/iyqpluE.png
9,https://i.imgur.com/HzpjBKc.png
10,https://i.imgur.com/4iR4Evx.png
11,https://i.imgur.com/y89mqHE.png
12,https://i.imgur.com/dYPA30A.png
13,https://i.imgur.com/JcC59I9.png
14,https://i.imgur.com/Bd8vemc.png
15,https://i.imgur.com/1GtGJYQ.png
16,https://i.imgur.com/GXyIyds.png
17,https://i.imgur.com/2NZQYMO.png
18,https://i.imgur.com/sbnplQw.png
19,https://i.imgur.com/xXQUJjs.png
20,https://i.imgur.com/ssYxz9f.png
21,https://i.imgur.com/RBzWHUY.png
22,https://i.imgur.com/YZykC2J.png
23,https://i.imgur.com/1AhUeAy.png
24,https://i.redd.it/xcz568b6uvo01.png
25,https://i.redd.it/rqakomg213p01.png
26,https://i.redd.it/ne00uldggpp01.png
27,https://i.redd.it/2krlzt1urxp01.png
28,https://i.redd.it/pvkyjolmu4q01.png
29,https://i.redd.it/wgcshtmzv9q01.png
30,https://i.redd.it/m6zihjjk8hq01.png
31,https://i.redd.it/f72l45v98oq01.png
32,https://i.redd.it/ncxfn430hyq01.png
33,https://i.redd.it/eg6rp4pppbr01.png
34,https://i.redd.it/fg0tvba08jr01.png
35,https://i.redd.it/dcx4ahc3nsr01.png
36,https://i.redd.it/ycbkqnouxxr01.png
37,https://i.redd.it/een9kdbregs01.png
38,https://i.redd.it/0v32nve61ns01.png
39,https://i.redd.it/fvpgbzzegus01.png
40,https://i.redd.it/zse9au9jr1t01.png
41,https://i.redd.it/f32xpejah6t01.png
42,https://i.redd.it/8wyw0zjk1dt01.png
43,https://i.redd.it/o4pm1q4o9pt01.png
44,https://i.redd.it/8ahbbzt9xxt01.png
45,https://i.redd.it/9sqjthryc1u01.png
46,https://i.redd.it/2vbokh7jrau01.png
47,https://i.redd.it/xc0ci9p42gu01.png
48,https://i.redd.it/2yatex12pku01.png
49,https://i.redd.it/p51u4mmx8ru01.png
50,https://i.redd.it/i61ryrub41v01.png
51,https://i.redd.it/9hax0ghu8fv01.png
52,https://i.redd.it/7e1i0h7scmv01.png
53,https://i.redd.it/cefcfy071yv01.png
54,https://i.redd.it/fwpsr3inh5w01.png
55,https://i.redd.it/xyhdh4ngyew01.png
56,https://i.redd.it/45pmfaop4mw01.png
57,https://i.redd.it/zzzj8pzudex01.png
58,https://i.redd.it/tlw6894p2fx01.png
59,https://i.redd.it/xlnfxixk2mx01.png
60,https://i.redd.it/t7ug2zft3tx01.png
61,https://i.redd.it/jxkxwa4o30y01.png
62,https://i.redd.it/8psgmmtba7y01.png
63,https://i.redd.it/3z1ixsn6vd011.png
64,https://i.redd.it/py72aeck2s011.png
65,https://i.redd.it/79oz3o39t1111.png
66,https://i.redd.it/qqie3wa629111.png
67,https://i.redd.it/hpmd263p5i111.png
68,https://i.redd.it/7eyp1fzf5p111.png
69,https://i.redd.it/vhptpiy3wv111.png
70,https://i.redd.it/8hwoizi9x5211.png
71,https://i.redd.it/0hsmvndvpw211.png
72,https://i.redd.it/qs815pw2j3311.png
73,https://i.redd.it/uy8cdq1orq311.png
74,https://i.redd.it/yqx4scewn9411.png
75,https://i.redd.it/nd36vvxq7h411.png
76,https://i.redd.it/5om3nj5bzp411.png
77,https://i.redd.it/rvc0bqq91y411.png
78,https://i.redd.it/dfgilnp225511.png
79,https://i.redd.it/7b605zh9mn511.png
80,https://i.redd.it/20wugmbbf4611.png
81,https://i.redd.it/1pqzhpzoob611.png
82,https://i.redd.it/d75u28o8ki611.png
83,https://i.redd.it/j87uhdp24q611.png
84,https://i.redd.it/25j6kx5oex611.png
85,https://i.redd.it/18u7hfl1d4711.png
86,https://i.redd.it/ru1ddvic49711.png
87,https://i.redd.it/rxkg4pw2sm711.png
88,https://i.redd.it/8z4v3btyrf811.png
89,https://i.redd.it/7mccjwd81n811.png
???,https://i.redd.it/9ebvcsp8a4011.png